{
    "loss": 0.7459307909011841,
    "accuracy": 0.6333333253860474
}